{
    "accuracy": 0.7662337662337663,
    "precision": 0.7209302325581395,
    "recall": 0.5636363636363636,
    "f1_score": 0.6326530612244898
}